{
  "C:maj": {
    "0": 0.23717948717948717,
    "1": 0.00641025641025641,
    "2": 0.08333333333333333,
    "3": 0.00641025641025641,
    "4": 0.23717948717948717,
    "5": 0.00641025641025641,
    "6": 0.00641025641025641,
    "7": 0.23717948717948717,
    "8": 0.00641025641025641,
    "9": 0.00641025641025641,
    "10": 0.057692307692307696,
    "11": 0.10897435897435898
  },
  "C:min": {
    "0": 0.23717948717948717,
    "1": 0.00641025641025641,
    "2": 0.08333333333333333,
    "3": 0.23717948717948717,
    "4": 0.00641025641025641,
    "5": 0.00641025641025641,
    "6": 0.00641025641025641,
    "7": 0.23717948717948717,
    "8": 0.00641025641025641,
    "9": 0.00641025641025641,
    "10": 0.16025641025641027,
    "11": 0.00641025641025641
  },
  "C:dim": {
    "0": 0.20833333333333334,
    "1": 0.041666666666666664,
    "2": 0.041666666666666664,
    "3": 0.20833333333333334,
    "4": 0.041666666666666664,
    "5": 0.041666666666666664,
    "6": 0.20833333333333334,
    "7": 0.041666666666666664,
    "8": 0.041666666666666664,
    "9": 0.041666666666666664,
    "10": 0.041666666666666664,
    "11": 0.041666666666666664
  },
  "C#:maj": {
    "0": 0.10897435897435898,
    "1": 0.23717948717948717,
    "2": 0.00641025641025641,
    "3": 0.08333333333333333,
    "4": 0.00641025641025641,
    "5": 0.23717948717948717,
    "6": 0.00641025641025641,
    "7": 0.00641025641025641,
    "8": 0.23717948717948717,
    "9": 0.00641025641025641,
    "10": 0.00641025641025641,
    "11": 0.057692307692307696
  },
  "C#:min": {
    "0": 0.00641025641025641,
    "1": 0.23717948717948717,
    "2": 0.00641025641025641,
    "3": 0.08333333333333333,
    "4": 0.23717948717948717,
    "5": 0.00641025641025641,
    "6": 0.00641025641025641,
    "7": 0.00641025641025641,
    "8": 0.23717948717948717,
    "9": 0.00641025641025641,
    "10": 0.00641025641025641,
    "11": 0.16025641025641027
  },
  "C#:dim": {
    "0": 0.041666666666666664,
    "1": 0.20833333333333334,
    "2": 0.041666666666666664,
    "3": 0.041666666666666664,
    "4": 0.20833333333333334,
    "5": 0.041666666666666664,
    "6": 0.041666666666666664,
    "7": 0.20833333333333334,
    "8": 0.041666666666666664,
    "9": 0.041666666666666664,
    "10": 0.041666666666666664,
    "11": 0.041666666666666664
  },
  "D:maj": {
    "0": 0.057692307692307696,
    "1": 0.10897435897435898,
    "2": 0.23717948717948717,
    "3": 0.00641025641025641,
    "4": 0.08333333333333333,
    "5": 0.00641025641025641,
    "6": 0.23717948717948717,
    "7": 0.00641025641025641,
    "8": 0.00641025641025641,
    "9": 0.23717948717948717,
    "10": 0.00641025641025641,
    "11": 0.00641025641025641
  },
  "D:min": {
    "0": 0.16025641025641027,
    "1": 0.00641025641025641,
    "2": 0.23717948717948717,
    "3": 0.00641025641025641,
    "4": 0.08333333333333333,
    "5": 0.23717948717948717,
    "6": 0.00641025641025641,
    "7": 0.00641025641025641,
    "8": 0.00641025641025641,
    "9": 0.23717948717948717,
    "10": 0.00641025641025641,
    "11": 0.00641025641025641
  },
  "D:dim": {
    "0": 0.041666666666666664,
    "1": 0.041666666666666664,
    "2": 0.20833333333333334,
    "3": 0.041666666666666664,
    "4": 0.041666666666666664,
    "5": 0.20833333333333334,
    "6": 0.041666666666666664,
    "7": 0.041666666666666664,
    "8": 0.20833333333333334,
    "9": 0.041666666666666664,
    "10": 0.041666666666666664,
    "11": 0.041666666666666664
  },
  "D#:maj": {
    "0": 0.00641025641025641,
    "1": 0.057692307692307696,
    "2": 0.10897435897435898,
    "3": 0.23717948717948717,
    "4": 0.00641025641025641,
    "5": 0.08333333333333333,
    "6": 0.00641025641025641,
    "7": 0.23717948717948717,
    "8": 0.00641025641025641,
    "9": 0.00641025641025641,
    "10": 0.23717948717948717,
    "11": 0.00641025641025641
  },
  "D#:min": {
    "0": 0.00641025641025641,
    "1": 0.16025641025641027,
    "2": 0.00641025641025641,
    "3": 0.23717948717948717,
    "4": 0.00641025641025641,
    "5": 0.08333333333333333,
    "6": 0.23717948717948717,
    "7": 0.00641025641025641,
    "8": 0.00641025641025641,
    "9": 0.00641025641025641,
    "10": 0.23717948717948717,
    "11": 0.00641025641025641
  },
  "D#:dim": {
    "0": 0.041666666666666664,
    "1": 0.041666666666666664,
    "2": 0.041666666666666664,
    "3": 0.20833333333333334,
    "4": 0.041666666666666664,
    "5": 0.041666666666666664,
    "6": 0.20833333333333334,
    "7": 0.041666666666666664,
    "8": 0.041666666666666664,
    "9": 0.20833333333333334,
    "10": 0.041666666666666664,
    "11": 0.041666666666666664
  },
  "E:maj": {
    "0": 0.00641025641025641,
    "1": 0.00641025641025641,
    "2": 0.057692307692307696,
    "3": 0.10897435897435898,
    "4": 0.23717948717948717,
    "5": 0.00641025641025641,
    "6": 0.08333333333333333,
    "7": 0.00641025641025641,
    "8": 0.23717948717948717,
    "9": 0.00641025641025641,
    "10": 0.00641025641025641,
    "11": 0.23717948717948717
  },
  "E:min": {
    "0": 0.00641025641025641,
    "1": 0.00641025641025641,
    "2": 0.16025641025641027,
    "3": 0.00641025641025641,
    "4": 0.23717948717948717,
    "5": 0.00641025641025641,
    "6": 0.08333333333333333,
    "7": 0.23717948717948717,
    "8": 0.00641025641025641,
    "9": 0.00641025641025641,
    "10": 0.00641025641025641,
    "11": 0.23717948717948717
  },
  "E:dim": {
    "0": 0.041666666666666664,
    "1": 0.041666666666666664,
    "2": 0.041666666666666664,
    "3": 0.041666666666666664,
    "4": 0.20833333333333334,
    "5": 0.041666666666666664,
    "6": 0.041666666666666664,
    "7": 0.20833333333333334,
    "8": 0.041666666666666664,
    "9": 0.041666666666666664,
    "10": 0.20833333333333334,
    "11": 0.041666666666666664
  },
  "F:maj": {
    "0": 0.23717948717948717,
    "1": 0.00641025641025641,
    "2": 0.00641025641025641,
    "3": 0.057692307692307696,
    "4": 0.10897435897435898,
    "5": 0.23717948717948717,
    "6": 0.00641025641025641,
    "7": 0.08333333333333333,
    "8": 0.00641025641025641,
    "9": 0.23717948717948717,
    "10": 0.00641025641025641,
    "11": 0.00641025641025641
  },
  "F:min": {
    "0": 0.23717948717948717,
    "1": 0.00641025641025641,
    "2": 0.00641025641025641,
    "3": 0.16025641025641027,
    "4": 0.00641025641025641,
    "5": 0.23717948717948717,
    "6": 0.00641025641025641,
    "7": 0.08333333333333333,
    "8": 0.23717948717948717,
    "9": 0.00641025641025641,
    "10": 0.00641025641025641,
    "11": 0.00641025641025641
  },
  "F:dim": {
    "0": 0.041666666666666664,
    "1": 0.041666666666666664,
    "2": 0.041666666666666664,
    "3": 0.041666666666666664,
    "4": 0.041666666666666664,
    "5": 0.20833333333333334,
    "6": 0.041666666666666664,
    "7": 0.041666666666666664,
    "8": 0.20833333333333334,
    "9": 0.041666666666666664,
    "10": 0.041666666666666664,
    "11": 0.20833333333333334
  },
  "F#:maj": {
    "0": 0.00641025641025641,
    "1": 0.23717948717948717,
    "2": 0.00641025641025641,
    "3": 0.00641025641025641,
    "4": 0.057692307692307696,
    "5": 0.10897435897435898,
    "6": 0.23717948717948717,
    "7": 0.00641025641025641,
    "8": 0.08333333333333333,
    "9": 0.00641025641025641,
    "10": 0.23717948717948717,
    "11": 0.00641025641025641
  },
  "F#:min": {
    "0": 0.00641025641025641,
    "1": 0.23717948717948717,
    "2": 0.00641025641025641,
    "3": 0.00641025641025641,
    "4": 0.16025641025641027,
    "5": 0.00641025641025641,
    "6": 0.23717948717948717,
    "7": 0.00641025641025641,
    "8": 0.08333333333333333,
    "9": 0.23717948717948717,
    "10": 0.00641025641025641,
    "11": 0.00641025641025641
  },
  "F#:dim": {
    "0": 0.20833333333333334,
    "1": 0.041666666666666664,
    "2": 0.041666666666666664,
    "3": 0.041666666666666664,
    "4": 0.041666666666666664,
    "5": 0.041666666666666664,
    "6": 0.20833333333333334,
    "7": 0.041666666666666664,
    "8": 0.041666666666666664,
    "9": 0.20833333333333334,