{"pi_major": [0.7389747033803445, 0.011417058428475482, 0.011417058428475482, 0.14573539288112822, 0.022610252966196544, 0.06962167002462501, 0.00022386389075442124], "pi_minor": [0.5883517104891148, 0.00028272547356516815, 0.14164546225614924, 0.04269154650834039, 0.028555272830081982, 0.16709075487701439, 0.03138252756573366], "A_major": [[0.7805333648990811, 0.022060415686251868, 0.032078691099325284, 0.0540207352317051, 0.06063221958211955, 0.04992103751223413, 0.0007535359892830438], [0.024577272769572944, 0.6561787505699954, 0.02895111532985287, 0.026159300929674195, 0.24978363438398613, 0.01406143852889993, 0.0002884874880184632], [0.022300148902614163, 0.06265363842216094, 0.6448716706168445, 0.10397631655462257, 0.015956368890807687, 0.15014493775165863, 9.691886129148789e-05], [0.07892056771034531, 0.017012246208491576, 0.0618631695655882, 0.6698590757900335, 0.15949168953528622, 0.012647559036156667, 0.00020569215409854157], [0.17825683120575941, 0.008453292290771795, 0.02723093482481466, 0.051943653659796064, 0.676233204907671, 0.057644009429059076, 0.00023807368212804342], [0.03206514452922352, 0.07951293156210472, 0.05147560286085674, 0.09414363739165407, 0.06791328829485244, 0.674825276730183, 6.411863112551514e-05], [0.03770197486535009, 0.0017953321364452424, 0.03770197486535009, 0.07360861759425492, 0.019748653500897665, 0.16337522441651703, 0.6660682226211849]], "A_minor": [[0.7967518973139468, 0.000991436948491146, 0.0290409876264435, 0.05352701048241699, 0.008647729397693234, 0.0642528764020365, 0.046788061828971834], [0.01780787559568598, 0.5996990218209179, 0.0077752696262854285, 0.00526711813393529, 0.3438675696012039, 0.01780787559568598, 0.0077752696262854285], [0.07813627043367616, 0.0035741204502905493, 0.7162910193132177, 0.05698331266665046, 0.02918459805327952, 0.05293102190668385, 0.0628996571762017], [0.05525731663195361, 0.004116674978243226, 0.020348695082480172, 0.7149031456872695, 0.051834902754554255, 0.03022480370011832, 0.12331446116538079], [0.21135307217480978, 1.4946119240139297e-05, 0.01017830720253486, 0.026021193597082513, 0.7044255459070052, 0.04425545907005246, 0.0037514759292749636], [0.030270503961776128, 0.002318179446469435, 0.04286768487667434, 0.026245369231571964, 0.037724457165857914, 0.670714163256483, 0.18985964206116712], [0.1288484612436945, 0.0006972931206694013, 0.12300627563808601, 0.014957251534358961, 0.011062461130619962, 0.05585255077361845, 0.6655757065589527]], "emissions": {"D#:min": {"4": 0.005167266265277338, "10": 0.18386784598082526, "8": 0.05946977463791078, "3": 0.24606455160586796, "5": 0.08339313785797278, "7": 0.002775085279698772, "0": 0.008277101546529473, "2": 0.002296649082583059, "11": 0.024304714149905864, "1": 0.14941888642421758, "6": 0.2321899018895123, "9": 0.002775085279698772}, "G#:dim": {"4": 0.08222656249999999, "10": 0.027539062500000003, "8": 0.06386718750000002, "3": 0.013867187500000001, "5": 0.013867187500000001, "7": 0.0548828125, "0": 0.013867187500000001, "2": 0.22792968749999998, "11": 0.20058593749999998, "1": 0.12324218749999999, "6": 0.10957031249999999, "9": 0.0685546875}, "G:dim": {"4": 0.0548828125, "10": 0.22792968749999998, "8": 0.013867187500000001, "3": 0.1642578125, "5": 0.10957031249999999, "7": 0.1185546875, "0": 0.0412109375, "2": 0.027539062500000003, "11": 0.013867187500000001, "1": 0.1732421875, "6": 0.027539062500000003, "9": 0.027539062500000003}, "G:min": {"4": 0.008001072659057543, "10": 0.2055940158476725, "8": 0.004956105011838794, "3": 0.021322806115639564, "5": 0.14023719605933732, "7": 0.26325809066687755, "0": 0.07403880850811415, "2": 0.18884669378796942, "11": 0.0032433107102782487, "1": 0.0032433107102782487, "6": 0.0043851735779852795, "9": 0.08287341634495132}, "A:maj": {"4": 0.2371222808416018, "10": 0.0033666956850076568, "8": 0.054060251515596486, "3": 0.013507819219231817, "5": 0.006945915755910302, "7": 0.03617018208134925, "0": 0.011718209183780495, "2": 0.05896391411969541, "11": 0.107095377692937, "1": 0.20813059826729036, "6": 0.07686001447420865, "9": 0.18605874116339075}, "C#:dim": {"4": 0.2797654690618762, "10": 0.03415668662674651, "8": 0.04114271457085828, "3": 0.055114770459081835, "5": 0.055114770459081835, "7": 0.1400449101796407, "0": 0.013198602794411178, "2": 0.12497504990019959, "11": 0.09703093812375249, "1": 0.0631986027944112, "6": 0.055114770459081835, "9": 0.04114271457085828}, "C:min": {"4": 0.002466769911707163, "10": 0.12977202853595174, "8": 0.023105850603204567, "3": 0.23311519763941518, "5": 0.054505477638132245, "7": 0.17931246592226383, "0": 0.2691012870502311, "2": 0.08940451590141626, "11": 0.0022903675126345357, "1": 0.005465610695941829, "6": 0.003701586705215555, "9": 0.007758841883885986}, "A:min": {"4": 0.18223656248576936, "10": 0.003748349246345573, "8": 0.002579539762291474, "3": 0.0030178433188117614, "5": 0.016897455941954187, "7": 0.13554869533538763, "0": 0.21452492448276386, "2": 0.06715626375628046, "11": 0.08886082818500585, "1": 0.0031639445043185237, "6": 0.01032290259414988, "9": 0.2719426903869215}, "D:maj": {"4": 0.1222307329719538, "10": 0.005705777842237894, "8": 0.008769647745608152, "3": 0.004056001740423141, "5": 0.010772947297811778, "7": 0.05555258434706938, "0": 0.039591453797204454, "2": 0.2058580648670208, "11": 0.06344794140575427, "1": 0.05285492847948658, "6": 0.19925896045976177, "9": 0.231900959045668}, "B:dim": {"4": 0.03404654654654654, "10": 0.023536036036036035, "8": 0.01828078078078078, "3": 0.013025525525525525, "5": 0.18389639639639638, "7": 0.0971096096096096, "0": 0.09185435435435434, "2": 0.3152777777777777, "11": 0.10506756756756758, "1": 0.013025525525525525, "6": 0.01828078078078078, "9": 0.08659909909909909}, "F:maj": {"4": 0.06774220077855146, "10": 0.036065822986706804, "8": 0.014634474577453907, "3": 0.03478161183079216, "5": 0.20213453688150768, "7": 0.12003498995658654, "0": 0.21687567599898316, "2": 0.06362041379860339, "11": 0.012139820265265739, "1": 0.007150511640889403, "6": 0.003068350039126946, "9": 0.2217515912455328}, "A#:dim": {"4": 0.15640243902439024, "10": 0.18744456762749445, "8": 0.09088137472283812, "3": 0.03655764966740577, "5": 0.021036585365853656, "7": 0.06759977827050997, "0": 0.013276053215077606, "2": 0.03655764966740577, "11": 0.07536031042128602, "1": 0.1952050997782705, "6": 0.10640243902439023, "9": 0.013276053215077606}, "D#:dim": {"4": 0.06725460122699385, "10": 0.013573619631901842, "8": 0.06725460122699385, "3": 0.06357361963190185, "5": 0.05651840490797545, "7": 0.08872699386503066, "0": 0.024309815950920244, "2": 0.024309815950920244, "11": 0.07799079754601225, "1": 0.08872699386503066, "6": 0.2997699386503067, "9": 0.12799079754601228}, "E:min": {"4": 0.2574497104147275, "10": 0.0022893180956320893, "8": 0.00245522632468025, "3": 0.0026211345537284106, "5": 0.007764289654221395, "7": 0.23488619126417762, "0": 0.025350561933326438, "2": 0.12439346537042784, "11": 0.18046829213638088, "1": 0.007764289654221395, "6": 0.08540718619643534, "9": 0.0691503344020409}, "D#:maj": {"4": 0.0035238480147007515, "10": 0.23653599009094928, "8": 0.04506451931799679, "3": 0.18388252773836383, "5": 0.11312178711823406, "7": 0.22290959154241585, "0": 0.07377256286199438, "2": 0.050829970226326446, "11": 0.008683358144727968, "1": 0.034916174315554424, "6": 0.010667785117815356, "9": 0.01609188551092089}, "B:min": {"4": 0.05949860243479432, "10": 0.002775135126033441, "8": 0.004882006768930274, "3": 0.0022889339776726333, "5": 0.0022889339776726333, "7": 0.02270938220882655, "0": 0.006502677263466299, "2": 0.22054483995352678, "11": 0.27159596053141155, "1": 0.08481894795332469, "6": 0.183755619727559, "9": 0.1383389600767819}, "C#:maj": {"4": 0.012611946834833255, "10": 0.06783540257067158, "8": 0.23826173115242288, "3": 0.11197694278394535, "5": 0.21819341347522386, "7": 0.012611946834833255, "0": 0.06430346624625019, "2": 0.002791280737480567, "11": 0.036820928857649614, "1": 0.17990704854496486,