{"pi_major": [0.6073752711496746, 0.04121475054229935, 0.03253796095444685, 0.1648590021691974, 0.08893709327548807, 0.06290672451193059, 0.0021691973969631237], "pi_minor": [0.5511363636363636, 0.002840909090909091, 0.13068181818181818, 0.045454545454545456, 0.07386363636363637, 0.16193181818181818, 0.03409090909090909], "A_major": [[0.3528245787908821, 0.07152296002642881, 0.09159233564585398, 0.16245457548728115, 0.16988767756854972, 0.15014866204162536, 0.001569210439378923], [0.08135365307037203, 0.11474675033617213, 0.07149260421335724, 0.10107575078440162, 0.58673240699238, 0.04415060510981623, 0.00044822949350067237], [0.061577934573444515, 0.171477442805217, 0.09001496685909771, 0.25058798375026725, 0.05794312593542869, 0.3679709215308959, 0.00042762454564892024], [0.190032269630692, 0.0676467073024979, 0.13911796342775187, 0.18537110075295804, 0.380064539261384, 0.03705031672044939, 0.0007171029042667623], [0.43541828877930616, 0.023358422008824292, 0.06678778441041612, 0.1314992646422701, 0.19197162384289299, 0.1502725149234363, 0.0006921013928540531], [0.09683794466403162, 0.21723928245667376, 0.1342353298875038, 0.2514442079659471, 0.18212222560048646, 0.11781696564305259, 0.0003040437823046519], [0.17073170731707318, 0.024390243902439025, 0.07317073170731707, 0.14634146341463414, 0.07317073170731707, 0.4634146341463415, 0.04878048780487805]], "A_minor": [[0.3123536299765808, 0.00312256049960968, 0.10255659640905543, 0.1720335675253708, 0.03415300546448088, 0.233704137392662, 0.14207650273224043], [0.06896551724137931, 0.028735632183908046, 0.028735632183908046, 0.040229885057471264, 0.764367816091954, 0.05172413793103448, 0.017241379310344827], [0.2430471584038694, 0.009875050382910117, 0.20193470374848851, 0.15618702136235388, 0.08464328899637243, 0.14248286981056027, 0.16182990729544539], [0.24520153550863724, 0.009836852207293667, 0.0647792706333973, 0.1257197696737044, 0.13171785028790786, 0.11348368522072937, 0.30926103646833014], [0.5067888662593347, 0.00033944331296673454, 0.035641547861507125, 0.07094365241004752, 0.2494908350305499, 0.11880515953835709, 0.01799049558723693], [0.12530626531326566, 0.005775288764438222, 0.10745537276863844, 0.09537976898844942, 0.09555477773888695, 0.12810640532026601, 0.4424221211060553], [0.36423562412342214, 0.0018232819074333801, 0.2687237026647966, 0.048106591865357644, 0.030434782608695653, 0.14333800841514727, 0.14333800841514727]], "emissions": {"A:min": {"1": 0.004265729023993022, "7": 0.14051352290614716, "2": 0.05986500943775511, "4": 0.19334621229156873, "0": 0.22241075018228157, "8": 0.0045468173981778656, "9": 0.24028797078043762, "10": 0.006233347643286928, "3": 0.00527764717105846, "5": 0.017589317960354615, "11": 0.09296529495540065, "6": 0.012698380249538333}, "A#:maj": {"1": 0.01084429722489424, "7": 0.05678015845926294, "2": 0.20841931196408808, "4": 0.015937076571404928, "0": 0.10593149119268522, "8": 0.04127556086511311, "9": 0.0785644283778612, "10": 0.2078646528273394, "3": 0.04467850456656427, "5": 0.218100635078247, "11": 0.004289234699682461, "6": 0.007314648172857128}, "E:min": {"1": 0.007056060029153061, "7": 0.21956283869280444, "2": 0.14576578707496335, "4": 0.22895489352209747, "0": 0.027617044925713537, "8": 0.004327287342263862, "9": 0.058521982100481915, "10": 0.0041369078524808945, "3": 0.004454207002119174, "5": 0.008325256627706178, "11": 0.21124960097228151, "6": 0.08002813385793459}, "F:dim": {"1": 0.05040322580645161, "7": 0.0396505376344086, "2": 0.05577956989247311, "4": 0.061155913978494625, "0": 0.023521505376344086, "8": 0.21975806451612903, "9": 0.02889784946236559, "10": 0.02889784946236559, "3": 0.12029569892473117, "5": 0.12836021505376344, "11": 0.198252688172043, "6": 0.04502688172043011}, "C#:maj": {"1": 0.212976138727818, "7": 0.011015129271339956, "2": 0.004671169360901742, "4": 0.01106843985882263, "0": 0.07669103917371323, "8": 0.22214555977483796, "9": 0.00872277400958497, "10": 0.0514245545832069, "3": 0.10833155631375058, "5": 0.2092977081915135, "11": 0.04321335717273451, "6": 0.04044257356177604}, "C#:dim": {"1": 0.13481182795698926, "7": 0.1961021505376344, "2": 0.07728494623655914, "4": 0.22190860215053765, "0": 0.03212365591397849, "8": 0.03212365591397849, "9": 0.054704301075268816, "10": 0.035349462365591396, "3": 0.041801075268817205, "5": 0.0385752688172043, "11": 0.07728494623655914, "6": 0.05793010752688171}, "G#:dim": {"1": 0.0818798449612403, "7": 0.04118217054263566, "2": 0.18846899224806202, "4": 0.11094961240310076, "0": 0.035368217054263566, "8": 0.11288759689922481, "9": 0.05281007751937984, "10": 0.02374031007751938, "3": 0.02955426356589147, "5": 0.02374031007751938, "11": 0.22335271317829458, "6": 0.07606589147286821}, "C#:min": {"1": 0.2396300791209205, "7": 0.004680458731995522, "2": 0.007785084624575466, "4": 0.22612495648819772, "0": 0.004913305673939017, "8": 0.20633296642300059, "9": 0.01826319701203278, "10": 0.008949319334292945, "3": 0.08579116216495912, "5": 0.004447611790052026, "11": 0.14074539245293669, "6": 0.05233646618309766}, "E:maj": {"1": 0.0447762291225594, "7": 0.011832109022475994, "2": 0.048211249759414904, "4": 0.21776092791001048, "0": 0.011832109022475994, "8": 0.20384307970317145, "9": 0.0432645527255619, "10": 0.010476812942409272, "3": 0.07536395179743804, "5": 0.005420516028314193, "11": 0.22719587369816727, "6": 0.10002258826800112}, "F#:maj": {"1": 0.22430580272528133, "7": 0.004869725880334163, "2": 0.0077475049120461605, "4": 0.04585890635715712, "0": 0.014123760413682546, "8": 0.09800906594440056, "9": 0.012769511457582781, "10": 0.2062491499772845, "3": 0.05390482349911308, "5": 0.08143109100958103, "11": 0.04256298849177757, "6": 0.20816766933175918}, "D#:dim": {"1": 0.050724637681159424, "7": 0.07246376811594203, "2": 0.02355072463768116, "4": 0.07246376811594203, "0": 0.02898550724637681, "8": 0.050724637681159424, "9": 0.1721014492753623, "10": 0.02355072463768116, "3": 0.15579710144927536, "5": 0.02355072463768116, "11": 0.09963768115942029, "6": 0.22644927536231885}, "B:min": {"1": 0.08395407602724675, "7": 0.022937516230199156, "2": 0.2286635304927988, "4": 0.05497443119394339, "0": 0.008962565669882743, "8": 0.007314576217015241, "9": 0.14174057649667404, "10": 0.004545953936197839, "3": 0.004084516889394939, "5": 0.004150436467509638, "11": 0.23288238349213958, "6": 0.20578943688699786}, "F:min": {"1": 0.025595329347437273, "7": 0.08179390873320047, "2": 0.011491389442485563, "4": 0.006202411978128673, "0": 0.20867826664622618, "8": 0.20407915580765496, "9": 0.00482267872655731, "10": 0.05510629056160253, "3": 0.1506400429250345, "5": 0.24018217589043897, "11": 0.005205937963104911, "6": 0.006202411978128673}, "C:min": {"1": 0.006966904362960942, "7": 0.19790002467885023, "2": 0.08706600942991856, "4": 0.004395108392107963, "0": 0.23962027042824302, "8": 0.027255517021912222, "9": 0.00832424112535557, "10": 0.1388753588174934, "3": 0.22304647417163492, "5": 0.05590246658613568, "11": 0.005752445154502591, "6": 0.0048951798308849315}, "G:min": {"1": 0.004546785961548703, "7": 0.23601347393087288, "2": 0.2053376471214784, "4": 0.010618043350908025, "0": 0.06254327102306012, "8": 0.006384140171486393, "9": 0.08164909197422379, "10": 0.21045028492304416, "3": 0.027713425999893487, "5": 0.14445198913564467, "11": 0.004626670927198168, "6": 0.005665175480641211}, "D#:min": {"1": 0.1492059249551662, "7": 0.0039301397893962385, "2": 0.0056372718076056465, "4": 0.006870200487423553, "0": 0.007534085161171656, "8": 0.05533378167103509, "9": 0.004404343127787741, "10": 0.20225921966248217, "3": 0.24142841541362026, "5": 0.0823058927668184, "11": 0.02488992734630064, "6": 0.21620079781119234}, "A:maj": {"1": 0.20396873731222087, "7": 0.04568771666822824, "2": 0.042767575502045664, "4": 0.22458149848527437, "0": 0.010349323838970612, "8": 0.07348371279552765, "9": 0.21746072644367406, "10": 0.004540272962928261, "3": 0.013066460539054935, "5": 0.008241200537181049,