{"pi_major": [0.7306843267108167, 0.013245033112582781, 0.013245033112582781, 0.1456953642384106, 0.024282560706401765, 0.0706401766004415, 0.002207505518763797], "pi_minor": [0.5805555555555556, 0.002777777777777778, 0.14166666666666666, 0.044444444444444446, 0.030555555555555555, 0.16666666666666666, 0.03333333333333333], "A_major": [[0.34835088798339353, 0.06834781271622972, 0.0910279080495118, 0.16114399938494656, 0.17874990389790113, 0.15014991927423696, 0.0022295686937802723], [0.07274340208471945, 0.10467952982923043, 0.07473941006875139, 0.06675537813262364, 0.6356176535817254, 0.044577511643379905, 0.0008871146595697493], [0.05916813122437024, 0.17848076547549308, 0.08572544424917009, 0.2478031634446397, 0.06522163639914079, 0.36321031048623315, 0.0003905487209529389], [0.20205030396948384, 0.04839670997735129, 0.15639527953272142, 0.1461437596853022, 0.4052926451305281, 0.041125283108833, 0.0005960185957801883], [0.4292802016065522, 0.024492045991494724, 0.0701685304772405, 0.13041423846275005, 0.19247125531579776, 0.1525437076704993, 0.0006300204756654591], [0.09413236929922136, 0.21051167964404893, 0.1336206896551724, 0.25027808676307006, 0.1914627363737486, 0.11971635150166852, 0.00027808676307007786], [0.11764705882352941, 0.0196078431372549, 0.11764705882352941, 0.11764705882352941, 0.0392156862745098, 0.5686274509803921, 0.0196078431372549]], "A_minor": [[0.30821725717490883, 0.002898008787510517, 0.10264560157053379, 0.17425446386837432, 0.03253248574366645, 0.23436477517060858, 0.14508740768439748], [0.07027027027027027, 0.04864864864864865, 0.02702702702702703, 0.032432432432432434, 0.7513513513513513, 0.04864864864864865, 0.021621621621621623], [0.238758231420508, 0.009595484477892756, 0.20827845719661336, 0.1533396048918156, 0.08598306679209784, 0.14468485418626528, 0.15936030103480714], [0.24334862385321102, 0.011009174311926606, 0.06376146788990826, 0.12224770642201835, 0.1341743119266055, 0.11146788990825689, 0.3139908256880734], [0.565016031350196, 0.0003562522265764161, 0.03847524047025294, 0.07659422871392946, 0.1727823298895618, 0.12718204488778054, 0.019593872461702886], [0.12353138637126553, 0.005370929842228936, 0.11195031889895939, 0.09634105404498154, 0.09566968781470292, 0.12386706948640483, 0.44326955354145686], [0.3584181986509721, 0.0017193492924216373, 0.27059912709959, 0.0465546885332628, 0.031741833090860996, 0.14151567253008862, 0.14945113080280387]], "emissions": {"F:maj": {"2": 0.05685499642651628, "5": 0.20007285196766866, "10": 0.03501169317597718, "9": 0.21265171947026432, "3": 0.04208391440840926, "0": 0.22519065406015332, "1": 0.006898922630493591, "11": 0.012210000020478416, "6": 0.003983820002907935, "8": 0.011051945551985486, "4": 0.08066320376639041, "7": 0.11332627851875515}, "D:maj": {"2": 0.211689703120298, "5": 0.010186107565710964, "10": 0.006503388018968756, "9": 0.22172612562130975, "3": 0.004884610196224927, "0": 0.04545886125206239, "1": 0.07166645913104837, "11": 0.05976117838724071, "6": 0.19930605277630772, "8": 0.00852686029739854, "4": 0.11376298394711992, "7": 0.04652766968630991}, "G#:min": {"2": 0.004627294846272948, "5": 0.008860871488608715, "10": 0.0802433090024331, "9": 0.006671090466710905, "3": 0.19921256359212564, "0": 0.003970360539703606, "1": 0.060393718203937186, "11": 0.21738774607387745, "6": 0.1468812209688122, "8": 0.2441760672417607, "4": 0.023313426233134264, "7": 0.004262331342623314}, "D#:min": {"2": 0.004243856237721269, "5": 0.08672552921019178, "10": 0.19365538153881712, "9": 0.004409666219482171, "3": 0.2441445209850118, "0": 0.009798490626711485, "1": 0.15494754375122471, "11": 0.02588205885751898, "6": 0.20816375494289607, "8": 0.056888525446807656, "4": 0.0069797209367761515, "7": 0.004160951246840817}, "A:dim": {"2": 0.04538690476190476, "5": 0.08556547619047619, "10": 0.06324404761904762, "9": 0.1331845238095238, "3": 0.17782738095238096, "0": 0.21354166666666669, "1": 0.027529761904761904, "11": 0.04538690476190476, "6": 0.03645833333333333, "8": 0.02306547619047619, "4": 0.04092261904761905, "7": 0.10788690476190475}, "F:min": {"2": 0.008885221592403913, "5": 0.2450551290330296, "10": 0.062423764081222646, "9": 0.004478486522685418, "3": 0.1544270646480591, "0": 0.19940924637057234, "1": 0.02539403506254335, "11": 0.004281170027026381, "6": 0.004938891679223172, "8": 0.2026978546315563, "4": 0.005793929827078999, "7": 0.0822152065245988}, "D#:maj": {"2": 0.06969863924161332, "5": 0.10935652569349705, "10": 0.22884440479938434, "9": 0.014232868086892645, "3": 0.19532917060202187, "0": 0.06330062615874349, "1": 0.041783852800223883, "11": 0.009548920838143212, "6": 0.009094168678070452, "8": 0.04119967117920734, "4": 0.004364746213313744, "7": 0.21324640570888864}, "F#:min": {"2": 0.024300165335150756, "5": 0.0055579745812981965, "10": 0.004377910719018591, "9": 0.21609840596721064, "3": 0.01027823003041662, "0": 0.004100248633776331, "1": 0.19194180455113402, "11": 0.06247870205596154, "6": 0.24796013024875999, "8": 0.07897750937109538, "4": 0.14601081620032058, "7": 0.007918102305857409}, "F:dim": {"2": 0.034878277153558054, "5": 0.1519194756554307, "10": 0.04049625468164794, "9": 0.034878277153558054, "3": 0.07420411985018727, "0": 0.023642322097378276, "1": 0.08544007490636704, "11": 0.23618913857677903, "6": 0.057350187265917604, "8": 0.19124531835205993, "4": 0.04611423220973783, "7": 0.023642322097378276}, "F#:dim": {"2": 0.05580742659758203, "5": 0.035082037996545766, "10": 0.024719343696027633, "9": 0.22204231433506044, "3": 0.035082037996545766, "0": 0.18059153713298792, "1": 0.027310017271157165, "11": 0.08430483592400691, "6": 0.13136873920552677, "8": 0.0299006908462867, "4": 0.07135146804835923, "7": 0.10243955094991364}, "C#:maj": {"2": 0.004171527253596834, "5": 0.21381721905807544, "10": 0.057397813307715186, "9": 0.008037123447471352, "3": 0.11206512042818911, "0": 0.07765597718764534, "1": 0.20023807345395211, "11": 0.043243021722058295, "6": 0.038912334072904994, "8": 0.22194488285032443, "4": 0.011159335757908461, "7": 0.011357571460158436}, "G:dim": {"2": 0.02898550724637681, "5": 0.09420289855072464, "10": 0.20471014492753625, "9": 0.02898550724637681, "3": 0.1213768115942029, "0": 0.04528985507246377, "1": 0.18297101449275363, "11": 0.02355072463768116, "6": 0.02898550724637681, "8": 0.05615942028985507, "4": 0.03985507246376811, "7": 0.14492753623188406}, "G:min": {"2": 0.1979582930737635, "5": 0.14899172143956294, "10": 0.2053064101187707, "9": 0.08414796833311464, "3": 0.027111589586986517, "0": 0.06418021575153185, "1": 0.0042799401971426645, "11": 0.0044767647608482146, "6": 0.005067238451964866, "8": 0.00683865952531482, "4": 0.009331770665585125, "7": 0.2423094280954142}, "C#:min": {"2": 0.008129872574944588, "5": 0.004246788700332897, "10": 0.007988669524958709, "9": 0.020626342498694942, "3": 0.09006401204932693, "0": 0.004740999375283476, "1": 0.24320085919916476, "11": 0.14862904675104618, "6": 0.050137779945743796, "8": 0.19250896425423397, "4": 0.2248444627010004, "7": 0.004882202425269356}, "G:maj": {"2": 0.22440707728363218, "5": 0.044412000249615176, "10": 0.008292337507453788, "9": 0.1067187218316207, "3": 0.008731764224598189, "0": 0.0453393899682434, "1": 0.01160493891361928, "11": 0.20703282092884578, "6": 0.07258818002801237, "8": 0.0040670806118345325, "4": 0.06545161279139104, "7": 0.20135407566113353}, "A#:dim": {"2": 0.0342479674796748, "5": 0.02936991869918699, "10": 0.1785569105691057, "9": 0.022052845528455284, "3": 0.07327235772357724, "0": 0.02936991869918699, "1": 0.1931910569105691, "11": 0.09278455284552845, "6": 0.07083333333333333, "8": 0.07327235772357724, "4": 0.15660569105691058, "7": 0.046443089430894306}, "E:min": {"2": 0.14376742889012828, "5": 0.008779512920617214, "10": 0.0038715374604945158, "9": 0.05886317159323294, "3": 0.004206172150957427, "0": 0.02422848113032162, "1": 0.007608291503997026, "11": 0.19759713701431492, "6": 0.08553169734151328, "8": 0.004317717047778398,