{"pi_major": [0.7389747033803445, 0.011417058428475482, 0.011417058428475482, 0.14573539288112822, 0.022610252966196544, 0.06962167002462501, 0.00022386389075442124], "pi_minor": [0.5883517104891148, 0.00028272547356516815, 0.14164546225614924, 0.04269154650834039, 0.028555272830081982, 0.16709075487701439, 0.03138252756573366], "A_major": [[0.7805333648990811, 0.022060415686251868, 0.032078691099325284, 0.0540207352317051, 0.06063221958211955, 0.04992103751223413, 0.0007535359892830438], [0.024577272769572944, 0.6561787505699954, 0.02895111532985287, 0.026159300929674195, 0.24978363438398613, 0.01406143852889993, 0.0002884874880184632], [0.022300148902614163, 0.06265363842216094, 0.6448716706168445, 0.10397631655462257, 0.015956368890807687, 0.15014493775165863, 9.691886129148789e-05], [0.07892056771034531, 0.017012246208491576, 0.0618631695655882, 0.6698590757900335, 0.15949168953528622, 0.012647559036156667, 0.00020569215409854157], [0.17825683120575941, 0.008453292290771795, 0.02723093482481466, 0.051943653659796064, 0.676233204907671, 0.057644009429059076, 0.00023807368212804342], [0.03206514452922352, 0.07951293156210472, 0.05147560286085674, 0.09414363739165407, 0.06791328829485244, 0.674825276730183, 6.411863112551514e-05], [0.03770197486535009, 0.0017953321364452424, 0.03770197486535009, 0.07360861759425492, 0.019748653500897665, 0.16337522441651703, 0.6660682226211849]], "A_minor": [[0.7967518973139468, 0.000991436948491146, 0.0290409876264435, 0.05352701048241699, 0.008647729397693234, 0.0642528764020365, 0.046788061828971834], [0.01780787559568598, 0.5996990218209179, 0.0077752696262854285, 0.00526711813393529, 0.3438675696012039, 0.01780787559568598, 0.0077752696262854285], [0.07813627043367616, 0.0035741204502905493, 0.7162910193132177, 0.05698331266665046, 0.02918459805327952, 0.05293102190668385, 0.0628996571762017], [0.05525731663195361, 0.004116674978243226, 0.020348695082480172, 0.7149031456872695, 0.051834902754554255, 0.03022480370011832, 0.12331446116538079], [0.21135307217480978, 1.4946119240139297e-05, 0.01017830720253486, 0.026021193597082513, 0.7044255459070052, 0.04425545907005246, 0.0037514759292749636], [0.030270503961776128, 0.002318179446469435, 0.04286768487667434, 0.026245369231571964, 0.037724457165857914, 0.670714163256483, 0.18985964206116712], [0.1288484612436945, 0.0006972931206694013, 0.12300627563808601, 0.014957251534358961, 0.011062461130619962, 0.05585255077361845, 0.6655757065589527]], "emissions": {"C#:dim": {"3": 0.04603976432552604, "10": 0.026550071312313635, "0": 0.007632681677121912, "8": 0.03379539923629484, "4": 0.27689646835554993, "6": 0.06758698650800497, "9": 0.07048004576742099, "1": 0.06406644471490824, "2": 0.1286228133563043, "11": 0.10183056208130861, "7": 0.12977223428609566, "5": 0.04672652837915087}, "D#:min": {"3": 0.2149603736773103, "10": 0.15720628988262778, "0": 0.02337852070013235, "8": 0.07091457428498642, "4": 0.020490816510398226, "6": 0.20207677036926575, "9": 0.018269505595218127, "1": 0.13495823003460897, "2": 0.01782524341218211, "11": 0.038261303831839004, "7": 0.018269505595218127, "5": 0.08338886610621284}, "E:maj": {"3": 0.03929236215626203, "10": 0.009086847367635022, "0": 0.011783803123733581, "8": 0.17002430891454262, "4": 0.20866486545349655, "6": 0.10104671279443866, "9": 0.0663130666166262, "1": 0.08501040630898, "2": 0.05931852991551825, "11": 0.23078843324314852, "7": 0.014737979412143873, "5": 0.003932684693474682}, "G:min": {"3": 0.022326508790510666, "10": 0.20874007625218968, "0": 0.08609128421174898, "8": 0.0038184216155900505, "4": 0.008301109648703125, "6": 0.005274532688418014, "9": 0.09092717848008779, "1": 0.003469383320377007, "2": 0.1811886604388504, "11": 0.002972817897882593, "7": 0.26774750823174726, "5": 0.11914251842389442}, "G:maj": {"3": 0.006925445942344187, "10": 0.007424459574277328, "0": 0.05711686710433946, "8": 0.0017879103584819713, "4": 0.08814955647673439, "6": 0.0462167457665027, "9": 0.10725283266221923, "1": 0.014382564311525734, "2": 0.2253458830818259, "11": 0.21313396290162812, "7": 0.2046584203745046, "5": 0.02760535144561641}, "F#:maj": {"3": 0.06403616436524151, "10": 0.17865243856794183, "0": 0.013357082125701115, "8": 0.08725240269544957, "4": 0.06212716371643737, "6": 0.20438542504858975, "9": 0.01588498375116283, "1": 0.22731980114235567, "2": 0.02892801796939803, "11": 0.05425410462081648, "7": 0.013840471349732668, "5": 0.049961944647173254}, "F:dim": {"3": 0.08315158615717376, "10": 0.038631038211968276, "0": 0.06900234318673397, "8": 0.10815158615717375, "4": 0.016370764239365537, "6": 0.10541186012977649, "9": 0.06089131218457102, "1": 0.12767213410237924, "2": 0.042686553713049746, "11": 0.24576874549387168, "7": 0.016370764239365537, "5": 0.08589131218457102}, "D#:maj": {"3": 0.15452486207869823, "10": 0.2331702624816699, "0": 0.09052309375364108, "8": 0.04117273518722967, "4": 0.0025992546913119166, "6": 0.010241483442165293, "9": 0.041501042697041295, "1": 0.025155865377269444, "2": 0.046451002288790164, "11": 0.00839880125286986, "7": 0.23564577115602175, "5": 0.1106158255932914}, "D:maj": {"3": 0.0031543427483756757, "10": 0.00508494412179516, "0": 0.037679992855520816, "8": 0.00886018782563818, "4": 0.11984743091874545, "6": 0.20034821516837753, "9": 0.23098304745616954, "1": 0.04000227982792771, "2": 0.21010694620836529, "11": 0.07146390142060476, "7": 0.06275279993879289, "5": 0.009715911509687059}, "A:min": {"3": 0.002047704411244787, "10": 0.0026483508825328145, "0": 0.20393010384010174, "8": 0.002669974365459522, "4": 0.1754045620659825, "6": 0.012986878424418306, "9": 0.28326955532745546, "1": 0.002338730720630662, "2": 0.07838378877031922, "11": 0.09951767110438949, "7": 0.11932272884316283, "5": 0.01747995124430275}, "C:dim": {"3": 0.2481887494527944, "10": 0.09942908215380125, "0": 0.08710966000291843, "8": 0.08117065518750911, "4": 0.04060447978987305, "6": 0.2078140960163432, "9": 0.042629140522398946, "1": 0.08117065518750911, "2": 0.01787720706260032, "11": 0.011383700569093828, "7": 0.056227199766525605, "5": 0.026395374288632714}, "A#:dim": {"3": 0.03930353183401964, "10": 0.1579842413683877, "0": 0.01768490655685778, "8": 0.089746990814064, "4": 0.16487369337979094, "6": 0.10415940766550523, "9": 0.01768490655685778, "1": 0.16519044979410832, "2": 0.03930353183401964, "11": 0.07533457396262275, "7": 0.10384265125118786, "5": 0.0248911149825784}, "C:min": {"3": 0.22705878058314802, "10": 0.11482773423424135, "0": 0.2745503224289494, "8": 0.02057320599455557, "4": 0.00477431842466626, "6": 0.004696943810560003, "9": 0.019174309368582266, "1": 0.004804978327565053, "2": 0.10421973801267198, "11": 0.0036925235408972125, "7": 0.1642472039466849, "5": 0.05737994132747802}, "B:dim": {"3": 0.023404654654654657, "10": 0.033164414414414416, "0": 0.09660285285285286, "8": 0.028284534534534535, "4": 0.04292417417417417, "6": 0.028284534534534535, "9": 0.09172297297297297, "1": 0.023404654654654657, "2": 0.2826388888888889, "11": 0.08744369369369369, "7": 0.10148273273273273, "5": 0.16064189189189187}, "B:min": {"3": 0.0012225754083820132, "10": 0.002604636911390076, "0": 0.0069417745172195705, "8": 0.006860119977961253, "4": 0.07251969489863463, "6": 0.1766353255387946, "9": 0.1245511225162797, "1": 0.0886997678835253, "2": 0.2257409089795643, "11": 0.26685036000758516, "7": 0.025986916362616415, "5": 0.0013867969980470012}, "E:min": {"3": 0.002076475507032923, "10": 0.0013546730901847874, "0": 0.025487200679356063, "8": 0.0013708350200004199, "4": 0.26018845405078783, "6": 0.09182387468314297, "9": 0.07908121607271282, "1": 0.010299655172146475, "2": 0.11519235607636058, "11": 0.17349778147313957, "7": 0.23295251027521494, "5": 0.006674967899920642}, "F:maj": {"3": 0.02784501008707256, "10": 0.039879936843639725, "0": 0.22247337666914463, "8": 0.01313621091446451, "4": 0.05472037472295441, "6": 0.0040064000396006555, "9": 0.2298635223187384, "1": 0.006186816759083185, "2": 0.06886557329796414,