{
  "major": {
    "I": {
      "I": 0.3528245787908821,
      "ii": 0.07152296002642881,
      "iii": 0.09159233564585398,
      "IV": 0.16245457548728115,
      "V": 0.16988767756854972,
      "vi": 0.15014866204162536,
      "vii\u00b0": 0.001569210439378923
    },
    "ii": {
      "I": 0.08135365307037203,
      "ii": 0.11474675033617213,
      "iii": 0.07149260421335724,
      "IV": 0.10107575078440162,
      "V": 0.58673240699238,
      "vi": 0.04415060510981623,
      "vii\u00b0": 0.00044822949350067237
    },
    "iii": {
      "I": 0.061577934573444515,
      "ii": 0.171477442805217,
      "iii": 0.09001496685909771,
      "IV": 0.25058798375026725,
      "V": 0.05794312593542869,
      "vi": 0.3679709215308959,
      "vii\u00b0": 0.00042762454564892024
    },
    "IV": {
      "I": 0.190032269630692,
      "ii": 0.0676467073024979,
      "iii": 0.13911796342775187,
      "IV": 0.18537110075295804,
      "V": 0.380064539261384,
      "vi": 0.03705031672044939,
      "vii\u00b0": 0.0007171029042667623
    },
    "V": {
      "I": 0.43541828877930616,
      "ii": 0.023358422008824292,
      "iii": 0.06678778441041612,
      "IV": 0.1314992646422701,
      "V": 0.19197162384289299,
      "vi": 0.1502725149234363,
      "vii\u00b0": 0.0006921013928540531
    },
    "vi": {
      "I": 0.09683794466403162,
      "ii": 0.21723928245667376,
      "iii": 0.1342353298875038,
      "IV": 0.2514442079659471,
      "V": 0.18212222560048646,
      "vi": 0.11781696564305259,
      "vii\u00b0": 0.0003040437823046519
    },
    "vii\u00b0": {
      "I": 0.17073170731707318,
      "ii": 0.024390243902439025,
      "iii": 0.07317073170731707,
      "IV": 0.14634146341463414,
      "V": 0.07317073170731707,
      "vi": 0.4634146341463415,
      "vii\u00b0": 0.04878048780487805
    }
  },
  "minor": {
    "i": {
      "i": 0.2978723404255319,
      "ii\u00b0": 0.0031231700175678315,
      "III": 0.09847745461643569,
      "iv": 0.16220964278742925,
      "v": 0.10540698809291431,
      "VI": 0.1961741167284794,
      "VII": 0.13673628733164161
    },
    "ii\u00b0": {
      "i": 0.5930232558139535,
      "ii\u00b0": 0.029069767441860465,
      "III": 0.06976744186046512,
      "iv": 0.10465116279069768,
      "v": 0.05813953488372093,
      "VI": 0.09883720930232558,
      "VII": 0.046511627906976744
    },
    "III": {
      "i": 0.25186379206125326,
      "ii\u00b0": 0.009873060648801129,
      "III": 0.20330445295184366,
      "iv": 0.15837195244811605,
      "v": 0.06709651420511788,
      "VI": 0.15192423937134797,
      "VII": 0.15756598831352006
    },
    "iv": {
      "i": 0.22914669223394055,
      "ii\u00b0": 0.009587727708533078,
      "III": 0.061361457334611694,
      "iv": 0.12392138063279003,
      "v": 0.18264621284755514,
      "VI": 0.09228187919463088,
      "VII": 0.30105465004793863
    },
    "v": {
      "i": 0.46568498553773335,
      "ii\u00b0": 0.0005259006047856955,
      "III": 0.04917170654746253,
      "iv": 0.11727583486721009,
      "v": 0.09466210886142519,
      "VI": 0.21930055219563502,
      "VII": 0.053378911385748094
    },
    "VI": {
      "i": 0.1436831960749956,
      "ii\u00b0": 0.005782372524969336,
      "III": 0.1023304713509725,
      "iv": 0.07832486420185737,
      "v": 0.1074119502365516,
      "VI": 0.12388295076222183,
      "VII": 0.43858419484843175
    },
    "VII": {
      "i": 0.32075736325385695,
      "ii\u00b0": 0.0018232819074333801,
      "III": 0.26718092566619916,
      "iv": 0.04039270687237027,
      "v": 0.09214586255259467,
      "VI": 0.13786816269284713,
      "VII": 0.13983169705469845
    }
  }
}